loss,auc,val_loss,val_auc
0.5693755149841309,0.6951611638069153,0.5182697176933289,0.7750755548477173
0.48890256881713867,0.7974748015403748,0.42933130264282227,0.8498854637145996
